Hail Emperor \x83. The \x81 empire genuinely thanks you for your generous tribute in difficult times.	Hail Emperor \x83. The \x81 empire genuinely thanks you for your generous tribute in difficult times.
Many \x81s have looked to the \x80 empire with great distrust, but your tribute has now won over the conviction of many.	Many \x81s have looked to the \x80 empire with great distrust, but your tribute has now won over the conviction of many.
Your tribute has been accepted as reparations for your crimes against the \x81 empire.	Your tribute has been accepted as reparations for your crimes against the \x81 empire.
Diplomatic channels between the \x80 and \x81 empires have been tenuous at best, but your tribute now offers a way to significantly reduce the tension.	Diplomatic channels between the \x80 and \x81 empires have been tenuous at best, but your tribute now offers a way to significantly reduce the tension.
Emperor \x83, the \x81 empire applauds your generous tribute and welcomes future cooperation.	Emperor \x83, the \x81 empire applauds your generous tribute and welcomes future cooperation.
You have made a wise choice in offering tribute to an obviously superior race.	You have made a wise choice in offering tribute to an obviously superior race.
The \x81 empire greatly appreciates your support with such a magnanimous contribution.	The \x81 empire greatly appreciates your support with such a magnanimous contribution.
Emperor \x83, your generous tribute has laid many \x81 grievances with your empire to rest.	Emperor \x83, your generous tribute has laid many \x81 grievances with your empire to rest.
Emperor \x83, your magnificent contribution will go far toward establishing a lasting peace and a hopeful future for both our peoples.	Emperor \x83, your magnificent contribution will go far toward establishing a lasting peace and a hopeful future for both our peoples.
With tribute such as this, both our empires will soon be able to exist together in perfect harmony.	With tribute such as this, both our empires will soon be able to exist together in perfect harmony.
Your contributions to establish mutual trade between our two empires has greatly enhanced our relations.	Your contributions to establish mutual trade between our two empires has greatly enhanced our relations.
The trade between the \x80 and the \x81 empires has greatly relaxed current tension levels.	The trade between the \x80 and the \x81 empires has greatly relaxed current tension levels.
Emperor \x83, the trade between our two empires has not only increased our production but has also formed a basis for mutual respect and cooperation.	Emperor \x83, the trade between our two empires has not only increased our production but has also formed a basis for mutual respect and cooperation.
The prosperous trade between our two empires has formed a solid financial foundation from which both our empires can benefit.	The prosperous trade between our two empires has formed a solid financial foundation from which both our empires can benefit.
Although our empires have had disagreements in the past, mutual trade has certainly relieved some of the tension.	Although our empires have had disagreements in the past, mutual trade has certainly relieved some of the tension.
Continued trade between the \x80 and the \x81 empires is of extreme importance if both our empires are to resist the threat of others.	Continued trade between the \x80 and the \x81 empires is of extreme importance if both our empires are to resist the threat of others.
The trade you offered has given our two empires an opportunity to strengthen our alliance.	The trade you offered has given our two empires an opportunity to strengthen our alliance.
The prosperous trade between the \x80 and the \x81 empires has provided excellent incentives to maintain a lasting peace between our two empires.	The prosperous trade between the \x80 and the \x81 empires has provided excellent incentives to maintain a lasting peace between our two empires.
Our mutual trade has marked a new era of cooperation between the \x80 and the \x81 empires.	Our mutual trade has marked a new era of cooperation between the \x80 and the \x81 empires.
Together our empires can challenge the threat of the evil \x86 empire.	Together our empires can challenge the threat of the evil \x86 empire.
Your attacks against the insidious \x86 proves the honor in your words of peace.	Your attacks against the insidious \x86 proves the honor in your words of peace.
Emperor \x83, you to must now realize the incredible threat the \x86 empire poses to both our worlds.	Emperor \x83, you to must now realize the incredible threat the \x86 empire poses to both our worlds.
It would seem that both our empires share a common enemy, the loathsome \x86s.	It would seem that both our empires share a common enemy, the loathsome \x86s.
Obviously the \x86 menace has even reached the \x80 empire. Together we will smite the infidel dogs.	Obviously the \x86 menace has even reached the \x80 empire. Together we will smite the infidel dogs.
Watch yourself Emperor \x83. We will no longer tolerate espionage attempts against our empire.	Watch yourself Emperor \x83. We will no longer tolerate espionage attempts against our empire.
We have known of your espionage operations for quite some time, and our patience wears thin.	We have known of your espionage operations for quite some time, and our patience wears thin.
We have had great restraint thus far tolerating your bungling espionage attempts, but soon you shall feel the wrath of the \x81 empire.	We have had great restraint thus far tolerating your bungling espionage attempts, but soon you shall feel the wrath of the \x81 empire.
The \x81 empire is compelled to protest your persistent \x84 espionage attempts.	The \x81 empire is compelled to protest your persistent \x84 espionage attempts.
Obviously you have underestimated our patience in dealing with \x84 espionage. If you continue, it will most certainly lead to open hostilities.	Obviously you have underestimated our patience in dealing with \x84 espionage. If you continue, it will most certainly lead to open hostilities.
Your \x84 espionage attempts are creating tension between the \x80 and \x81 the empires.	Your \x84 espionage attempts are creating tension between the \x80 and \x81 the empires.
In the past the \x81 empire has been kind to inferior species, but if you persist in the sabotage of our \x82 we will eliminate the \x80 threat once and for all.	In the past the \x81 empire has been kind to inferior species, but if you persist in the sabotage of our \x82 we will eliminate the \x80 threat once and for all.
Surely Emperor \x83, you must realize that sabotage will surely jeopardize any future relations.	Surely Emperor \x83, you must realize that sabotage will surely jeopardize any future relations.
Continued sabotage against our \x82 in the \x85 star system will soon place our empires precariously close to the brink of war.	Continued sabotage against our \x82 in the \x85 star system will soon place our empires precariously close to the brink of war.
Continue to sabotage our \x82 and you will plunge us into a foolish and costly war.	Continue to sabotage our \x82 and you will plunge us into a foolish and costly war.
Emperor \x83, hear this. Discontinue any further attempts of sabotage against the \x81 empire or face the consequences of your actions.	Emperor \x83, hear this. Discontinue any further attempts of sabotage against the \x81 empire or face the consequences of your actions.
Your bungling attempts to sabotage our \x82 is shattering what little peace we still have.	Your bungling attempts to sabotage our \x82 is shattering what little peace we still have.
The \x81 empire will not stand for acts of terrorism such as the sabotage attempt at \x85. Wars have begun over less.	The \x81 empire will not stand for acts of terrorism such as the sabotage attempt at \x85. Wars have begun over less.
Emperor \x83, if you wish to avert a senseless war you will immediately discontinue all sabotage operations launched against the \x81 empire.	Emperor \x83, if you wish to avert a senseless war you will immediately discontinue all sabotage operations launched against the \x81 empire.
Too many \x80 ships have been amassing along our border. Remove the ships or face the perils of war.	Too many \x80 ships have been amassing along our border. Remove the ships or face the perils of war.
Do you take us for complete morons? The build up of ships along our border can only be interpreted as a prelude to war.	Do you take us for complete morons? The build up of ships along our border can only be interpreted as a prelude to war.
It is doubtful you believe our conviction. Continue to amass star ships along our borders and soon we will be at war.	It is doubtful you believe our conviction. Continue to amass star ships along our borders and soon we will be at war.
Despite our warnings, \x80 star ships have been seen moving through \x81 territory. Continue and they will be destroyed.	Despite our warnings, \x80 star ships have been seen moving through \x81 territory. Continue and they will be destroyed.
Unless you reduce the number of \x80 ships along our border, we will be forced to take pre-emptive actions.	Unless you reduce the number of \x80 ships along our border, we will be forced to take pre-emptive actions.
The \x80 empire has grown far too large. Continue to expand and we will be forced to take militant measures.	The \x80 empire has grown far too large. Continue to expand and we will be forced to take militant measures.
Your reckless expansion is beginning to intrude upon \x81 territory. Withdraw from our space or be destroyed.	Your reckless expansion is beginning to intrude upon \x81 territory. Withdraw from our space or be destroyed.
Your ambitious expansion cannot remain unchecked. Unless you begin to withdraw we will be forced to reclaim our territory by force.	Your ambitious expansion cannot remain unchecked. Unless you begin to withdraw we will be forced to reclaim our territory by force.
Cease your expansion into \x81 territory or we will crush your pathetic race.	Cease your expansion into \x81 territory or we will crush your pathetic race.
You are the source of perpetual humor. If you believe we would willingly condone the destruction of our ships you are greatly mistaken.	You are the source of perpetual humor. If you believe we would willingly condone the destruction of our ships you are greatly mistaken.
Many within the \x81 empire are restless and crave action. Another attack like the one at \x85 and you will give us an excuse for war.	Many within the \x81 empire are restless and crave action. Another attack like the one at \x85 and you will give us an excuse for war.
In the future make it a point to stay out of \x81 space, or you will be crushed utterly.	In the future make it a point to stay out of \x81 space, or you will be crushed utterly.
The \x81s order you to cease all hostilities in the \x85 system or face the consequences of your actions.	The \x81s order you to cease all hostilities in the \x85 system or face the consequences of your actions.
\x80 star ships have engaged in unlawful penetration of \x81 territory. You will discontinue such operations or suffer immediate retaliation.	\x80 star ships have engaged in unlawful penetration of \x81 territory. You will discontinue such operations or suffer immediate retaliation.
The \x81s order you to immediately remove all vessels from the \x85 star system or they will be destroyed.	The \x81s order you to immediately remove all vessels from the \x85 star system or they will be destroyed.
We are not fools. Surely you do not expect us to believe that the attack on the \x85 star system was initiated by renegade activists.	We are not fools. Surely you do not expect us to believe that the attack on the \x85 star system was initiated by renegade activists.
Conflicts such as the battle at \x85 can only be interpreted as a prelude to war.	Conflicts such as the battle at \x85 can only be interpreted as a prelude to war.
Emperor \x83 you can not simply attack \x81 starships with impunity. Even as I speak, the \x81 empire is preparing for full scale war.	Emperor \x83 you can not simply attack \x81 starships with impunity. Even as I speak, the \x81 empire is preparing for full scale war.
Emperor \x83, if you wish to avoid a pointless war between our two peoples, you must stop randomly attacking \x81 starships.	Emperor \x83, if you wish to avoid a pointless war between our two peoples, you must stop randomly attacking \x81 starships.
Consider yourself fortunate Emperor \x83 that the \x81 empire is not yet ready to enter into a senseless war over the incident at \x85.	Consider yourself fortunate Emperor \x83 that the \x81 empire is not yet ready to enter into a senseless war over the incident at \x85.
Peace talks will soon break down if the \x80 empire does not cease attacking \x81 starships.	Peace talks will soon break down if the \x80 empire does not cease attacking \x81 starships.
The relations between our two empires is becoming quite dire. The attack on the \x85 star system was unprovoked and may soon lead to war.	The relations between our two empires is becoming quite dire. The attack on the \x85 star system was unprovoked and may soon lead to war.
Attacking our colony at \x85 was quite unwise. The \x81 empire will no longer sit idle while our people are slain by \x80 dogs.	Attacking our colony at \x85 was quite unwise. The \x81 empire will no longer sit idle while our people are slain by \x80 dogs.
Emperor, \x83, \x80 star ships have invaded and violated \x81 space. Such actions can only be construed as an act or war.	Emperor, \x83, \x80 star ships have invaded and violated \x81 space. Such actions can only be construed as an act or war.
Whereas the destruction of our ships can be endured, the wholesale slaughtering of \x81 colonists will certainly guarantee war.	Whereas the destruction of our ships can be endured, the wholesale slaughtering of \x81 colonists will certainly guarantee war.
The ruthless storming of the \x85 colony has destroyed whatever future our two empires may have had.	The ruthless storming of the \x85 colony has destroyed whatever future our two empires may have had.
Venture near the \x85 star system again and we will be forced to annihilate the entire \x80 race.	Venture near the \x85 star system again and we will be forced to annihilate the entire \x80 race.
How can you not expect retaliation for the unprovoked attack at \x85.	How can you not expect retaliation for the unprovoked attack at \x85.
Your senseless attack on the \x85 star system has endangered the lives of billions on both our worlds.	Your senseless attack on the \x85 star system has endangered the lives of billions on both our worlds.
The \x81 empire considers the attack on the \x85 star system an unprovoked act of war.	The \x81 empire considers the attack on the \x85 star system an unprovoked act of war.
Emperor \x83, you will pay dearly for blatantly disregarding \x81 space and attacking the outpost at \x85. Soon you will pay dearly for your misdeeds.	Emperor \x83, you will pay dearly for blatantly disregarding \x81 space and attacking the outpost at \x85. Soon you will pay dearly for your misdeeds.
Blast you, Emperor \x83! You are jeopardizing the future of both our peoples by your senseless attacks on \x81 colonies.	Blast you, Emperor \x83! You are jeopardizing the future of both our peoples by your senseless attacks on \x81 colonies.
How dare you enter \x81 space and attack one of our colonies. Such audacity can only be answered in kind.	How dare you enter \x81 space and attack one of our colonies. Such audacity can only be answered in kind.
Emperor \x83, simple rhetoric will not excuse you from using biological weapons in the \x85 star system.	Emperor \x83, simple rhetoric will not excuse you from using biological weapons in the \x85 star system.
Use of biological weapons has placed both our empires on the brink of war.	Use of biological weapons has placed both our empires on the brink of war.
There can be no truth or honor in the words of one who would use biological weapons.	There can be no truth or honor in the words of one who would use biological weapons.
\x80 scum. You will pay dearly for using biological weapons on innocent colonists.	\x80 scum. You will pay dearly for using biological weapons on innocent colonists.
No pathetic excuse you can offer will forgive the use of biological weapons on the \x85 star system.	No pathetic excuse you can offer will forgive the use of biological weapons on the \x85 star system.
There can be no justification whatsoever for the biological attacks on the \x85 colony.	There can be no justification whatsoever for the biological attacks on the \x85 colony.
Obviously the \x80s are led by a madman willing to use biological weapons on a whim. Soon the \x81 empire will put an end to your madness.	Obviously the \x80s are led by a madman willing to use biological weapons on a whim. Soon the \x81 empire will put an end to your madness.
The \x80 empire has become far too powerful. Expand any further and you will have to be eliminated.	The \x80 empire has become far too powerful. Expand any further and you will have to be eliminated.
The \x80 empire has become a threat to the entire galaxy. Cease expanding or face the wrath of the \x81 empire.	The \x80 empire has become a threat to the entire galaxy. Cease expanding or face the wrath of the \x81 empire.
The \x81 empire is tired of looking the other way while the \x80s take over the galaxy. Withdraw or prepare to die Emperor \x83.	The \x81 empire is tired of looking the other way while the \x80s take over the galaxy. Withdraw or prepare to die Emperor \x83.
We will not allow the \x80s to take over the galaxy. If necessary we will save the universe from the \x80 madness.	We will not allow the \x80s to take over the galaxy. If necessary we will save the universe from the \x80 madness.
You have spread like a plague throughout the galaxy. Cease your reckless expansion or we will be forced to eliminate your threat once and for all.	You have spread like a plague throughout the galaxy. Cease your reckless expansion or we will be forced to eliminate your threat once and for all.
Our patience is exhausted. Continue to expand and it will be war.	Our patience is exhausted. Continue to expand and it will be war.
Your interference has been tolerated long enough. Of course you know, this means war!\x8a	Your interference has been tolerated long enough. Of course you know, this means war!\x8a
You cannot escape the wrath of the \x81 empire. Prepare to die \x80 scum.\x8a	You cannot escape the wrath of the \x81 empire. Prepare to die \x80 scum.\x8a
The \x81 empire will soon cure the galaxy of the \x80 madness.\x8a	The \x81 empire will soon cure the galaxy of the \x80 madness.\x8a
We will follow you to the ends of space and rid the universe of the \x80 infestation wherever it lies.\x8a	We will follow you to the ends of space and rid the universe of the \x80 infestation wherever it lies.\x8a
The \x81 empire is determined to free the universe from the \x80 tyranny!\x8a	The \x81 empire is determined to free the universe from the \x80 tyranny!\x8a
Your actions have irrevocably changed the fate of our two empires and plunged us into a war neither can win.\x8a	Your actions have irrevocably changed the fate of our two empires and plunged us into a war neither can win.\x8a
You have left the \x81s with only one choice: to reduce your empire to cosmic dust.\x8a	You have left the \x81s with only one choice: to reduce your empire to cosmic dust.\x8a
Although the \x81 empire has been reluctant to enter an intergalactic war, your insufferable acts of terrorism can no longer be permitted.\x8a	Although the \x81 empire has been reluctant to enter an intergalactic war, your insufferable acts of terrorism can no longer be permitted.\x8a
Soon the \x81 empire will put an end to your pathetic existence.\x8a	Soon the \x81 empire will put an end to your pathetic existence.\x8a
Time after time we have attempted to reason with you. Now you have left us with no other option than war.\x8a	Time after time we have attempted to reason with you. Now you have left us with no other option than war.\x8a
We shall make an example of you for other worlds that would resist the might of the \x81 empire.\x8a	We shall make an example of you for other worlds that would resist the might of the \x81 empire.\x8a
So Emperor \x83, you have answered our requests for peace with unprovoked acts of war. So be it. We will crush the \x80 madness that plagues the universe.\x8a	So Emperor \x83, you have answered our requests for peace with unprovoked acts of war. So be it. We will crush the \x80 madness that plagues the universe.\x8a
\x80 slime. Warnings were not enough. Now you will feel the might of the \x81 empire.\x8a	\x80 slime. Warnings were not enough. Now you will feel the might of the \x81 empire.\x8a
Your actions can no longer be tolerated. Prepare to perish beneath the wake of the \x81 storm.\x8a	Your actions can no longer be tolerated. Prepare to perish beneath the wake of the \x81 storm.\x8a
The \x81 empire wishes no contact with the filthy \x80s.	The \x81 empire wishes no contact with the filthy \x80s.
Stay clear of \x81 territory. Your mere existence makes us ill.	Stay clear of \x81 territory. Your mere existence makes us ill.
Emperor \x83, enter \x81 space and you will be destroyed on sight.	Emperor \x83, enter \x81 space and you will be destroyed on sight.
The \x81s are not interested in the affairs of lesser species. Stay clear of our territory. 	The \x81s are not interested in the affairs of lesser species. Stay clear of our territory. 
Beware Emperor \x83, the \x81 empire has arrived to free the galaxy from the \x80 terror.	Beware Emperor \x83, the \x81 empire has arrived to free the galaxy from the \x80 terror.
Shudder Emperor \x83. Soon the entire galaxy shall fall to the iron fist of the \x81 empire.	Shudder Emperor \x83. Soon the entire galaxy shall fall to the iron fist of the \x81 empire.
Surrender now Emperor \x83 and save yourself from the inevitable fall to the \x81 empire.	Surrender now Emperor \x83 and save yourself from the inevitable fall to the \x81 empire.
Resistance is futile. The fate of the \x80s is inevitable. Prepare to submit to the \x81 Empire.	Resistance is futile. The fate of the \x80s is inevitable. Prepare to submit to the \x81 Empire.
Your race is pathetic and worthless in the light of the glorious \x81 empire.	Your race is pathetic and worthless in the light of the glorious \x81 empire.
Harken Emperor \x83, the magnificent, illustrious and godlike \x81s have arrived.	Harken Emperor \x83, the magnificent, illustrious and godlike \x81s have arrived.
The \x81 and \x80 empires will do fine so long as you acknowledge our superiority.	The \x81 and \x80 empires will do fine so long as you acknowledge our superiority.
The \x81 Empire greets the \x80s warmly, and hopes that you will prosper under our rule.	The \x81 Empire greets the \x80s warmly, and hopes that you will prosper under our rule.
Beware Emperor \x83. Any aggression will be answered with immediate retaliation from the \x81 empire.	Beware Emperor \x83. Any aggression will be answered with immediate retaliation from the \x81 empire.
Now that we are aware of the \x80 presence, we will watch closely and tolerate no aggression.	Now that we are aware of the \x80 presence, we will watch closely and tolerate no aggression.
Make no mistake Emperor \x83. The \x81 empire absolutely will not tolerate any interference from the \x80s.	Make no mistake Emperor \x83. The \x81 empire absolutely will not tolerate any interference from the \x80s.
So, another race has entered \x81 space. Be careful to not irritate the powerful and wise Emperor \x89.	So, another race has entered \x81 space. Be careful to not irritate the powerful and wise Emperor \x89.
The \x81 empire realizes the difficulties of first contact with another race. Hopefully we will overcome our mutual distrust.	The \x81 empire realizes the difficulties of first contact with another race. Hopefully we will overcome our mutual distrust.
Now that we share common territory, the survival of both our races depends on mutual cooperation.	Now that we share common territory, the survival of both our races depends on mutual cooperation.
Oh illustrious \x83, surely our two empires can live in peace and harmony.	Oh illustrious \x83, surely our two empires can live in peace and harmony.
We are delighted by our first contact with the \x80s. Let us work for a mutually beneficial relationship.	We are delighted by our first contact with the \x80s. Let us work for a mutually beneficial relationship.
Hail Emperor \x83. The \x81 empire greatly welcomes our future relations.	Hail Emperor \x83. The \x81 empire greatly welcomes our future relations.
Long live Emperor \x83 and the \x80 empire.	Long live Emperor \x83 and the \x80 empire.
Hail wise and just Emperor \x83. The \x81s welcome a new age of honor between our two empires.	Hail wise and just Emperor \x83. The \x81s welcome a new age of honor between our two empires.
Emperor \x89 sends greetings to you, and desires a peaceful future between our two empires.	Emperor \x89 sends greetings to you, and desires a peaceful future between our two empires.
Peace unto you, Emperor \x83! The \x81s desire a future free of conflict and strife.	Peace unto you, Emperor \x83! The \x81s desire a future free of conflict and strife.
The \x81 ambassador was withdrawn when war was declared.	The \x81 ambassador was withdrawn when war was declared.
The \x81 ambassador will return when tensions have cooled.	The \x81 ambassador will return when tensions have cooled.
Emperor \x89 is not prepared to bargain with warmongers.	Emperor \x89 is not prepared to bargain with warmongers.
War has begun. The time for talk has passed.	War has begun. The time for talk has passed.
The \x81 ambassador is currently unavailable.	The \x81 ambassador is currently unavailable.
Emperor \x89 has more pressing matters to attend to.	Emperor \x89 has more pressing matters to attend to.
We cannot speak at this time. More important issues require our attention.	We cannot speak at this time. More important issues require our attention.
Emperor \x89 sends his regrets that affairs of state preclude negotiations at this time.	Emperor \x89 sends his regrets that affairs of state preclude negotiations at this time.
Emperor \x89 feels that discussion would be inappropriate at this time.	Emperor \x89 feels that discussion would be inappropriate at this time.
Hail mighty Emperor \x83. I bear greetings from the most wise: \x89 of the \x81s.	Hail mighty Emperor \x83. I bear greetings from the most wise: \x89 of the \x81s.
Hail glorious Emperor \x83. I bear greetings from \x89, ruler of the \x81s.	Hail glorious Emperor \x83. I bear greetings from \x89, ruler of the \x81s.
Greetings from \x89 Emperor of the \x81s.	Greetings from \x89 Emperor of the \x81s.
Hail revered Emperor of the \x80s. \x89 bears greetings from the most powerful \x81s.	Hail revered Emperor of the \x80s. \x89 bears greetings from the most powerful \x81s.
Despite your insolence and arrogant pride, \x89 of the \x81s grants you an audience.	Despite your insolence and arrogant pride, \x89 of the \x81s grants you an audience.
We expect you have come to offer amends to the \x81 people.	We expect you have come to offer amends to the \x81 people.
Emperor \x89 grants a short audience with the dishonorable Emperor \x83.	Emperor \x89 grants a short audience with the dishonorable Emperor \x83.
We reluctantly grant you an audience. Be brief for our time is precious.	We reluctantly grant you an audience. Be brief for our time is precious.
Emperor \x89 has little time to spare for you.	Emperor \x89 has little time to spare for you.
In the interest of future peace, the \x81 empire proposes a Non-Aggression Pact between our two great powers.	In the interest of future peace, the \x81 empire proposes a Non-Aggression Pact between our two great powers.
Expansion is dangerous. No one can outguess the other's deployments, so we propose a Non-Aggression Pact to prevent accidental conflict.	Expansion is dangerous. No one can outguess the other's deployments, so we propose a Non-Aggression Pact to prevent accidental conflict.
We bear no ill will toward the \x80s. Let us agree to a Non-Aggression Pact to ensure future harmony.	We bear no ill will toward the \x80s. Let us agree to a Non-Aggression Pact to ensure future harmony.
Our concerns are not with the \x80 empire. Let us agree to a Non-Aggression Pact so we may concentrate our forces on others.	Our concerns are not with the \x80 empire. Let us agree to a Non-Aggression Pact so we may concentrate our forces on others.
The time has come for our two empires to forge an undying alliance.	The time has come for our two empires to forge an undying alliance.
The \x80 and \x81 empires are now at a point where both our peoples can coexist in perfect harmony.	The \x80 and \x81 empires are now at a point where both our peoples can coexist in perfect harmony.
The \x81s offers the \x80 Empire their undying loyalty and allegiance.	The \x81s offers the \x80 Empire their undying loyalty and allegiance.
The \x81 empire pledges their eternal friendship and loyalty.	The \x81 empire pledges their eternal friendship and loyalty.
Emperor \x83, let us cement our relationship with an Alliance.	Emperor \x83, let us cement our relationship with an Alliance.
The \x81 empire wishes to acquire a trade agreement for an exchange of \x87 BC per year.	The \x81 empire wishes to acquire a trade agreement for an exchange of \x87 BC per year.
Trade between our empires would benefit us both. Would you agree to \x87 BC per year?	Trade between our empires would benefit us both. Would you agree to \x87 BC per year?
The \x81s desire your goods. Can we agree to trading \x87 BC per year?	The \x81s desire your goods. Can we agree to trading \x87 BC per year?
Emperor \x83, you must break your treaty with the \x8cs if you expect to deal with us.	Emperor \x83, you must break your treaty with the \x8cs if you expect to deal with us.
We will not deal with a friend of the \x8cs. End your treaty with them first.	We will not deal with a friend of the \x8cs. End your treaty with them first.
Once you have ended your dealings with the \x8c empire, we can discuss our mutual future.	Once you have ended your dealings with the \x8c empire, we can discuss our mutual future.
The friend of our enemy is our enemy. If you would deal with us, break your treaty with the \x8cs first.	The friend of our enemy is our enemy. If you would deal with us, break your treaty with the \x8cs first.
Emperor \x83, the \x88s represent a threat to both our empires and we offer a reward for attacking them.	Emperor \x83, the \x88s represent a threat to both our empires and we offer a reward for attacking them.
Emperor \x83, we will reward you greatly if you aided us by attacking the \x88 forces.	Emperor \x83, we will reward you greatly if you aided us by attacking the \x88 forces.
Our people will bestow lavish rewards on anyone who proves their hatred of the \x88s.	Our people will bestow lavish rewards on anyone who proves their hatred of the \x88s.
Emperor \x89 has placed a bounty on the \x88 forces.	Emperor \x89 has placed a bounty on the \x88 forces.
Any attacks on the \x88s will be greatly rewarded by our government.	Any attacks on the \x88s will be greatly rewarded by our government.
The \x81 empire is in great need of \x8e. Perhaps you are willing to exchange it for some of our technology.	The \x81 empire is in great need of \x8e. Perhaps you are willing to exchange it for some of our technology.
We know you have the secret of \x8e. Can we offer you some of our technology in exchange?	We know you have the secret of \x8e. Can we offer you some of our technology in exchange?
Emperor \x89 wishes the secret of \x8e Will you exchange it for one of our advances?	Emperor \x89 wishes the secret of \x8e Will you exchange it for one of our advances?
The \x81 race is awed by the wonders of \x8e What can we offer you for its secret?	The \x81 race is awed by the wonders of \x8e What can we offer you for its secret?
Great \x83, our war has been a tremendous strain on both our peoples. Sign a peace treaty so we can end this senseless war.	Great \x83, our war has been a tremendous strain on both our peoples. Sign a peace treaty so we can end this senseless war.
This war between us is senseless. Let us call an end to it with a peace treaty.	This war between us is senseless. Let us call an end to it with a peace treaty.
Both our races have suffered greatly. Isn't it time we sought peace instead?	Both our races have suffered greatly. Isn't it time we sought peace instead?
Emperor \x83, I bring you an offer of peace from our illustrious leader, \x89.	Emperor \x83, I bring you an offer of peace from our illustrious leader, \x89.
Do you still wish to suffer more? The \x81 empire sees no need to continue hostilities. Let us agree to peace.	Do you still wish to suffer more? The \x81 empire sees no need to continue hostilities. Let us agree to peace.
We can no longer sustain this horrible war. We offer a peace treaty to the powerful \x80 race.	We can no longer sustain this horrible war. We offer a peace treaty to the powerful \x80 race.
We are not interested at this time.	We are not interested at this time.
Your offer does not seem fair to us.	Your offer does not seem fair to us.
We respectfully decline your offer.	We respectfully decline your offer.
The \x81s do not consider your offer a fair one.	The \x81s do not consider your offer a fair one.
Perhaps you mistook us for gullible fools. We reject your offer.	Perhaps you mistook us for gullible fools. We reject your offer.
We are afraid we must decline.	We are afraid we must decline.
Emperor \x89 declines.	Emperor \x89 declines.
The \x81s have considered your offer, and rejected it.	The \x81s have considered your offer, and rejected it.
It would not be in our best interest to accept your offer at this time.	It would not be in our best interest to accept your offer at this time.
Emperor \x83, the \x97 is no longer convenient. We need more room to expand.	Emperor \x83, the \x97 is no longer convenient. We need more room to expand.
The \x97 was made in haste. Our needs have changed. We must expand in order to survive.	The \x97 was made in haste. Our needs have changed. We must expand in order to survive.
Times change and we are in dire need of new star systems. We regret the necessity, but our \x97 is broken.	Times change and we are in dire need of new star systems. We regret the necessity, but our \x97 is broken.
The \x81 empire must expand. The \x97 is too constraining and must be dissolved.	The \x81 empire must expand. The \x97 is too constraining and must be dissolved.
A cry has rung out through our empire for new colonies. I have no other choice than to break our \x97.	A cry has rung out through our empire for new colonies. I have no other choice than to break our \x97.
We are unwilling to enter into a treaty at this time because you have broken treaties with us in the past.	We are unwilling to enter into a treaty at this time because you have broken treaties with us in the past.
You have not honored your past agreements. We see little reason to trust you now.	You have not honored your past agreements. We see little reason to trust you now.
Why should we trust you now, when you have broken so many past treaties?	Why should we trust you now, when you have broken so many past treaties?
We see no reason to agree with someone who has not lived up to past promises.	We see no reason to agree with someone who has not lived up to past promises.
We will not deal with \x80s who have no honor.	We will not deal with \x80s who have no honor.
How can you expect us to accept when your spies are stealing our technology.	How can you expect us to accept when your spies are stealing our technology.
Remove your spies, then we will talk.	Remove your spies, then we will talk.
You thieving dogs, you steal the fruits of our research. We deny your request.	You thieving dogs, you steal the fruits of our research. We deny your request.
Our technology is for the \x81 race. You have no right to steal it. We will talk when you stop stealing.	Our technology is for the \x81 race. You have no right to steal it. We will talk when you stop stealing.
Why should we give you anything? Your spies already steal everything you need!	Why should we give you anything? Your spies already steal everything you need!
What! You expect us to agree when you are sabotaging our factories and bases?	What! You expect us to agree when you are sabotaging our factories and bases?
When you stop sabotaging our factories and bases, we can consider the matter further.	When you stop sabotaging our factories and bases, we can consider the matter further.
We have not forgotten your last sabotage incident. Until you have proven to be more trustworthy we will not deal with you.	We have not forgotten your last sabotage incident. Until you have proven to be more trustworthy we will not deal with you.
Our people have suffered from your sabotage. We will not deal with you until it ceases.	Our people have suffered from your sabotage. We will not deal with you until it ceases.
You destroy our factories and bases. Why should we deal with you?	You destroy our factories and bases. Why should we deal with you?
We will not talk of it while you are amassing ships near our borders.	We will not talk of it while you are amassing ships near our borders.
Remove your ships along our borders and we will consider accepting. Until then we are not interested.	Remove your ships along our borders and we will consider accepting. Until then we are not interested.
Your fleets intrude on \x81 space. Move them away, then we shall talk.	Your fleets intrude on \x81 space. Move them away, then we shall talk.
Your ships on our borders are no threat to us. But we refuse to deal while they remain.	Your ships on our borders are no threat to us. But we refuse to deal while they remain.
If you wish to deal with the \x81s, then send your ships to threaten others, not us.	If you wish to deal with the \x81s, then send your ships to threaten others, not us.
You attack our ships without provocation and expect us to accept? We refuse to deal.	You attack our ships without provocation and expect us to accept? We refuse to deal.
We cannot accept an offer from one who attacks our fleets.	We cannot accept an offer from one who attacks our fleets.
Once your fleets have stopped attacking ours, we can talk.	Once your fleets have stopped attacking ours, we can talk.
If you wish to deal with the \x81s, then leave our fleets alone.	If you wish to deal with the \x81s, then leave our fleets alone.
Emperor \x89 does not appreciate your destruction of our fleets. We do not accept.	Emperor \x89 does not appreciate your destruction of our fleets. We do not accept.
We have not forgotten the attack on the \x85 colony. There is no way that we will accept.	We have not forgotten the attack on the \x85 colony. There is no way that we will accept.
The dead of \x85 cry out for retribution. We hear their cries louder than your offer.	The dead of \x85 cry out for retribution. We hear their cries louder than your offer.
Your unjustified assault of \x85 gives you little room to bargain.	Your unjustified assault of \x85 gives you little room to bargain.
Our people do not wish to deal with the butchers of \x85. Make your amends first.	Our people do not wish to deal with the butchers of \x85. Make your amends first.
The blood from \x85 smears your words. We cannot accept your offer.	The blood from \x85 smears your words. We cannot accept your offer.
The \x81 will not make any deals with a race who would use biological weapons.	The \x81 will not make any deals with a race who would use biological weapons.
We cannot deal with anybody desperate enough to use biological weaponry.	We cannot deal with anybody desperate enough to use biological weaponry.
You use weapons that cause untold horrors on innocent populations. We refuse to deal with such madness.	You use weapons that cause untold horrors on innocent populations. We refuse to deal with such madness.
The gods abhor those who would destroy planets with biological weaponry. The \x81 cannot allow it.	The gods abhor those who would destroy planets with biological weaponry. The \x81 cannot allow it.
The cries of those killed by your biological weapons fill our ears. We cannot hear your offer.	The cries of those killed by your biological weapons fill our ears. We cannot hear your offer.
Stop all espionage operations or we will terminate our \x8b.	Stop all espionage operations or we will terminate our \x8b.
Your \x84 espionage is jeopardizing our \x8b. Persist and we may be thrust into unwanted war.	Your \x84 espionage is jeopardizing our \x8b. Persist and we may be thrust into unwanted war.
Your spies have been caught stealing \x84 secrets. If this happens again, we must take action.	Your spies have been caught stealing \x84 secrets. If this happens again, we must take action.
How can you claim to be our friend when your spies steal our technology?	How can you claim to be our friend when your spies steal our technology?
The \x81s are angered by your theft of our research. Cease at once, or it will destroy our relationship.	The \x81s are angered by your theft of our research. Cease at once, or it will destroy our relationship.
Withdraw your spies at once, or deal with the consequences!	Withdraw your spies at once, or deal with the consequences!
If you attempt to sabotage any more of our \x82 we will be forced to break our \x8b.	If you attempt to sabotage any more of our \x82 we will be forced to break our \x8b.
How could the \x80s claim friendship when your spies destroy our \x82?	How could the \x80s claim friendship when your spies destroy our \x82?
Your sabotage of our planets threatens the stability of our \x8b.	Your sabotage of our planets threatens the stability of our \x8b.
When you destroy our \x82, be careful that our \x8b is not buried in the rubble.	When you destroy our \x82, be careful that our \x8b is not buried in the rubble.
If you sabotage any more of our facilities, we will not uphold our \x8b.	If you sabotage any more of our facilities, we will not uphold our \x8b.
Emperor \x83, if you continue to deploy ships along our border we will break our \x8b and prepare for war.	Emperor \x83, if you continue to deploy ships along our border we will break our \x8b and prepare for war.
Your ships on our border do not indicate the level of trust that our \x8b should have.	Your ships on our border do not indicate the level of trust that our \x8b should have.
Friend \x83, the \x81s feel threatened by your ships. Please remove them at once.	Friend \x83, the \x81s feel threatened by your ships. Please remove them at once.
Our \x8b should be enough to ensure your security. You do not need so many forces on our border.	Our \x8b should be enough to ensure your security. You do not need so many forces on our border.
Your ships near our space lead us to believe you intend to break our \x8b.	Your ships near our space lead us to believe you intend to break our \x8b.
Attacking \x81 ships is intolerable. Another incident and we will break our \x8b.	Attacking \x81 ships is intolerable. Another incident and we will break our \x8b.
Friends do not attack friends. Be you friend or be you foe?	Friends do not attack friends. Be you friend or be you foe?
Attacking our ships is a clear violation of our \x8b!	Attacking our ships is a clear violation of our \x8b!
You sign a treaty with one hand, and attack with the other. Have you no honor?	You sign a treaty with one hand, and attack with the other. Have you no honor?
Be careful that your own ships do not destroy our \x8b.	Be careful that your own ships do not destroy our \x8b.
Attack our colonists again and our \x8b will be broken off immediately.	Attack our colonists again and our \x8b will be broken off immediately.
Can we hold our \x8b when you attack colonists at \x85?	Can we hold our \x8b when you attack colonists at \x85?
The families of those killed at \x85 demand that we break our \x8b.	The families of those killed at \x85 demand that we break our \x8b.
The butchers of \x85 claim to be our friends. How can we believe you?	The butchers of \x85 claim to be our friends. How can we believe you?
You sign treaties with us, then attack our planets! What villainy!	You sign treaties with us, then attack our planets! What villainy!
Use biological weapons again and our \x8b will be broken off immediately.	Use biological weapons again and our \x8b will be broken off immediately.
We cannot maintain a treaty with someone who uses such horrible weapons. Cease immediately!	We cannot maintain a treaty with someone who uses such horrible weapons. Cease immediately!
Anybody who would use biological weapons on an innocent populace will not remain our ally for long.	Anybody who would use biological weapons on an innocent populace will not remain our ally for long.
Are you mad? We cannot maintain a relationship with one who would sanction such biological weapons!	Are you mad? We cannot maintain a relationship with one who would sanction such biological weapons!
Emperor \x83, your persistent espionage attempts leave us with no choice but to break our \x8b.	Emperor \x83, your persistent espionage attempts leave us with no choice but to break our \x8b.
Due to your continued theft of technology, we must end our \x8b.	Due to your continued theft of technology, we must end our \x8b.
We can no longer maintain any \x8b with a pack of thieves such as the \x80s.	We can no longer maintain any \x8b with a pack of thieves such as the \x80s.
You have stolen too much from the \x81s. Our \x8b is over.Emperor \x89 is furious over your thievery. Our \x8b ends now!	You have stolen too much from the \x81s. Our \x8b is over.Emperor \x89 is furious over your thievery. Our \x8b ends now!
Emperor \x83, sabotage can not be tolerated. Our \x8b is broken.	Emperor \x83, sabotage can not be tolerated. Our \x8b is broken.
You have persisted in your mad destruction of our \x82. Our \x8b ends now!	You have persisted in your mad destruction of our \x82. Our \x8b ends now!
Your sabotage proves you cannot be trusted. We regret that we must cancel our \x8b.	Your sabotage proves you cannot be trusted. We regret that we must cancel our \x8b.
Do you expect to maintain our relationship while destroying our \x82? Our \x8b must end now!	Do you expect to maintain our relationship while destroying our \x82? Our \x8b must end now!
Emperor \x89 has seen enough sabotage. Our \x8b is forfeit.	Emperor \x89 has seen enough sabotage. Our \x8b is forfeit.
Amassing a fleet along the border can only be interpreted as a prelude to war. Our \x8b is broken.	Amassing a fleet along the border can only be interpreted as a prelude to war. Our \x8b is broken.
Your fleets on our border will prove your undoing. We now end our \x8b with the \x80s.	Your fleets on our border will prove your undoing. We now end our \x8b with the \x80s.
You thought we would ignore your military buildup? Our \x8b ends now, and you will rue this day!	You thought we would ignore your military buildup? Our \x8b ends now, and you will rue this day!
We no longer believe \x80 words of peace when your warships threaten \x81 space. Our \x8b is null and void.	We no longer believe \x80 words of peace when your warships threaten \x81 space. Our \x8b is null and void.
Emperor \x89 does not fear your fleet! Our \x8b is ripped to shreds!	Emperor \x89 does not fear your fleet! Our \x8b is ripped to shreds!
Emperor \x83, you attacked our fleet after being warned. Our \x8b is broken.	Emperor \x83, you attacked our fleet after being warned. Our \x8b is broken.
You back-stabbing infidels! You agree to our \x8b, then attack us! It ends now!	You back-stabbing infidels! You agree to our \x8b, then attack us! It ends now!
Your attack on \x81 ships proves there is no honor in our \x8b. Consider it broken.	Your attack on \x81 ships proves there is no honor in our \x8b. Consider it broken.
You have destroyed \x81 ships. The \x8b is no more.	You have destroyed \x81 ships. The \x8b is no more.
Emperor \x89 will not stand for allies destroying \x81 ships. Our agreement ends now.	Emperor \x89 will not stand for allies destroying \x81 ships. Our agreement ends now.
Emperor \x83, your tyrannical nature has forced us to break our \x8b. Another attack like the one at \x85 and we will be at war.	Emperor \x83, your tyrannical nature has forced us to break our \x8b. Another attack like the one at \x85 and we will be at war.
Your attack on \x85 proves that the \x80s have no honor. Our treaty is over.	Your attack on \x85 proves that the \x80s have no honor. Our treaty is over.
We will hold no treaties with lying \x80s who attack our planets.	We will hold no treaties with lying \x80s who attack our planets.
Our \x8b must end now. Another attack like the one at \x85 and we must retaliate.	Our \x8b must end now. Another attack like the one at \x85 and we must retaliate.
Emperor \x89 maintains no treaties with butchers.	Emperor \x89 maintains no treaties with butchers.
Emperor \x83, the \x81 refuses to associate with anyone using biological weapons. Our \x8b is broken.	Emperor \x83, the \x81 refuses to associate with anyone using biological weapons. Our \x8b is broken.
The \x81 will not keep any treaties with a race who would use biological weapons. Our \x8b ends now.	The \x81 will not keep any treaties with a race who would use biological weapons. Our \x8b ends now.
We cannot deal with anybody desperate enough to use biological weaponry. Our \x8b is over!	We cannot deal with anybody desperate enough to use biological weaponry. Our \x8b is over!
You use weapons that cause untold horrors on innocent populations. The \x81s refuse to keep a treaty with such madness.	You use weapons that cause untold horrors on innocent populations. The \x81s refuse to keep a treaty with such madness.
The gods abhor those who would destroy planets with biological weaponry. Emperor \x89 ends our treaty and prays for your redemption.	The gods abhor those who would destroy planets with biological weaponry. Emperor \x89 ends our treaty and prays for your redemption.
Those killed by your biological weapons demand justice. We no longer hold to our \x8b.	Those killed by your biological weapons demand justice. We no longer hold to our \x8b.
As a reward for attacking the \x88s we offer a gift of \x8d	As a reward for attacking the \x88s we offer a gift of \x8d
For attacking the vile \x88s we offer a gift of \x8d	For attacking the vile \x88s we offer a gift of \x8d
You have proven a valuable ally in attacking the \x88s. Accept \x8d from Emperor \x89.	You have proven a valuable ally in attacking the \x88s. Accept \x8d from Emperor \x89.
Emperor \x89 is grateful for your attack on the \x88s. He awards you \x8d.	Emperor \x89 is grateful for your attack on the \x88s. He awards you \x8d.
Emperor \x83, your attack on \x88s has pleased Emperor \x89. Accept \x8d with our gratitude.	Emperor \x83, your attack on \x88s has pleased Emperor \x89. Accept \x8d with our gratitude.
The \x80 empire is weak and will soon be eliminated.	The \x80 empire is weak and will soon be eliminated.
You still resist the New Repulic. You and your entire race will be erradicated.	You still resist the New Repulic. You and your entire race will be erradicated.
The New Republic will not tolerate dissidents. Surrender and you will be spared execution.	The New Republic will not tolerate dissidents. Surrender and you will be spared execution.
The New Republic is on the verge of taking over the galaxy. Soon the \x80 empire will fall to our might.	The New Republic is on the verge of taking over the galaxy. Soon the \x80 empire will fall to our might.
Our patience is exhausted. Surrender to the New Republic and save yourself from anymore grief Emperor \x83.	Our patience is exhausted. Surrender to the New Republic and save yourself from anymore grief Emperor \x83.
The New Republic has decided to eliminate any who will not follow. All races not submitting will be exterminated, starting with the miserable \x80s.	The New Republic has decided to eliminate any who will not follow. All races not submitting will be exterminated, starting with the miserable \x80s.
The time has come to unite the galaxy. Follow or be destroyed.	The time has come to unite the galaxy. Follow or be destroyed.
Shudder Emperor \x83, the \x81 storm has arrived to pave the way for the New Republic.	Shudder Emperor \x83, the \x81 storm has arrived to pave the way for the New Republic.
We understand that even emporers make foolish mistakes. Surrender and you will be spared the shame of being overthrown.	We understand that even emporers make foolish mistakes. Surrender and you will be spared the shame of being overthrown.
The \x81 empire is tired of playing diplomatic games. Shudder Emperor \x83 for we come for you.	The \x81 empire is tired of playing diplomatic games. Shudder Emperor \x83 for we come for you.
Maintaining relations with your pitiful race is no longer beneficial. We are mobilizing our fleets and preparing for war.	Maintaining relations with your pitiful race is no longer beneficial. We are mobilizing our fleets and preparing for war.
While our ambassadors promised peace, Emperor \x89 prepared for war. You will die now.	While our ambassadors promised peace, Emperor \x89 prepared for war. You will die now.
We have known all along that the \x80s could not be trusted, so we will strike first!	We have known all along that the \x80s could not be trusted, so we will strike first!
Our sincere apologies, Emperor \x83, but we must destroy you now.	Our sincere apologies, Emperor \x83, but we must destroy you now.
Pardon us, we forgot to mention that we have decided to destroy the \x80 Empire now.	Pardon us, we forgot to mention that we have decided to destroy the \x80 Empire now.
Emperor \x89 grows bored of diplomatic games and now wishes to play war games.	Emperor \x89 grows bored of diplomatic games and now wishes to play war games.
The \x80s hide behind a mask of diplomatic friendship. We will strike first before you can reveal your true nature.	The \x80s hide behind a mask of diplomatic friendship. We will strike first before you can reveal your true nature.
The conjunction of planets indicates that we must eradicate the \x80s from the galaxy.	The conjunction of planets indicates that we must eradicate the \x80s from the galaxy.
In a vision, the ancients decreed to Emperor \x89 that we must smite the infidel \x80s. Prepare to die heathen trash.	In a vision, the ancients decreed to Emperor \x89 that we must smite the infidel \x80s. Prepare to die heathen trash.
It looks like a nice year for war. Farewell, Emperor \x83!	It looks like a nice year for war. Farewell, Emperor \x83!
Emperor \x89 has declared it to be \x80 season. The hunt begins!	Emperor \x89 has declared it to be \x80 season. The hunt begins!
To quote a famous \x81 author, 'Cry havoc, and let slip the dogs of war!'	To quote a famous \x81 author, 'Cry havoc, and let slip the dogs of war!'
In the year \x8f the \x81 empire pledges to adhere to a Non-Aggression Pact and not to attack \x80 fleets unless they are orbiting one of our colonies.	In the year \x8f the \x81 empire pledges to adhere to a Non-Aggression Pact and not to attack \x80 fleets unless they are orbiting one of our colonies.
The \x81s agree to a Non-Aggression Pact. Neither side will attack the other's fleets, unless they enter the orbit of an opposing colony.	The \x81s agree to a Non-Aggression Pact. Neither side will attack the other's fleets, unless they enter the orbit of an opposing colony.
If you agree not to send ships to any of our colonies, the \x81 people vow to not attack any of your ships.	If you agree not to send ships to any of our colonies, the \x81 people vow to not attack any of your ships.
Emperor \x89 agrees to your proposed Non-Aggression Pact. So it is written, so shall it be done!	Emperor \x89 agrees to your proposed Non-Aggression Pact. So it is written, so shall it be done!
Agreed, then. As long as you do not attack our colonies, the \x81 Empire will abide by the Non-Aggression Pact.	Agreed, then. As long as you do not attack our colonies, the \x81 Empire will abide by the Non-Aggression Pact.
In the year \x8f the \x81 and \x80 empires agree to form an alliance in which neither will attack the other's fleets or colonies.	In the year \x8f the \x81 and \x80 empires agree to form an alliance in which neither will attack the other's fleets or colonies.
So our Alliance is forged. Your ships may visit our colonies as you wish, and get fuel from our bases.	So our Alliance is forged. Your ships may visit our colonies as you wish, and get fuel from our bases.
Emperor \x89 welcomes an Alliance with our good friend, Emperor \x83.	Emperor \x89 welcomes an Alliance with our good friend, Emperor \x83.
The \x81 and \x80 empires today forge an Alliance between our peoples. Death to our enemies!	The \x81 and \x80 empires today forge an Alliance between our peoples. Death to our enemies!
Emperor \x89 sees the wisdom in an Alliance with the \x80 Empire. So be it!	Emperor \x89 sees the wisdom in an Alliance with the \x80 Empire. So be it!
Effective \x8f the \x81 and \x80 empires agree to trade \x95 BC per year.	Effective \x8f the \x81 and \x80 empires agree to trade \x95 BC per year.
A trade pact of \x95 BC is acceptable.	A trade pact of \x95 BC is acceptable.
The \x81s eagerly await the fine goods that the \x80s offer. We accept an agreement for \x95 BC per year.	The \x81s eagerly await the fine goods that the \x80s offer. We accept an agreement for \x95 BC per year.
Emperor \x89 agrees to trade \x95 BC per year.	Emperor \x89 agrees to trade \x95 BC per year.
Well, Emperor \x83, we find your offer of \x95 BC per year to be fair and equitable.	Well, Emperor \x83, we find your offer of \x95 BC per year to be fair and equitable.
In the year \x8f the \x81 and \x80 empires agree to terminate all hostilities.	In the year \x8f the \x81 and \x80 empires agree to terminate all hostilities.
Emperor \x89 hereby orders all hostilities to end between our empires.	Emperor \x89 hereby orders all hostilities to end between our empires.
We agree that the time has come to end our petty bickering.	We agree that the time has come to end our petty bickering.
We accept your offer of peace. Cease fire on \x81 forces, and we will stop attacking yours.	We accept your offer of peace. Cease fire on \x81 forces, and we will stop attacking yours.
We grow weary of this senseless destruction. The \x81s accept your offer of peace.	We grow weary of this senseless destruction. The \x81s accept your offer of peace.
How could we refuse one who gave us the secrets of \x90?	How could we refuse one who gave us the secrets of \x90?
Your willingness to help us develop \x90 technology has made us grateful to you. We accept.	Your willingness to help us develop \x90 technology has made us grateful to you. We accept.
The \x81 empire still remembers your generous gift of \x90 technology. We accept.	The \x81 empire still remembers your generous gift of \x90 technology. We accept.
Your generous gift of \x90 proved invaluable. How could we refuse?	Your generous gift of \x90 proved invaluable. How could we refuse?
Yes, Emperor \x83, the time has come for both our empires to strike out against the \x91s and eliminate them once and for all.	Yes, Emperor \x83, the time has come for both our empires to strike out against the \x91s and eliminate them once and for all.
The \x80s and \x81s must unite to strike down the \x91s.	The \x80s and \x81s must unite to strike down the \x91s.
The \x91 empire must fall before the combined might of the \x80s and \x81s.	The \x91 empire must fall before the combined might of the \x80s and \x81s.
With \x81s and \x80s allied, the \x91s will not last long.	With \x81s and \x80s allied, the \x91s will not last long.
In the year \x8f, the \x81 and \x80 empires join forces to rid the galaxy of the \x91 menace.	In the year \x8f, the \x81 and \x80 empires join forces to rid the galaxy of the \x91 menace.
In view of the threat from the \x91 Empire, the \x80 and \x81 empires have no choice but to unite!	In view of the threat from the \x91 Empire, the \x80 and \x81 empires have no choice but to unite!
We agree, the \x92s are no longer trustworthy and we have broken our alliance with them.	We agree, the \x92s are no longer trustworthy and we have broken our alliance with them.
Though it pains us to turn our backs on the \x92s, we have done so.	Though it pains us to turn our backs on the \x92s, we have done so.
The \x92 Empire is no longer an ally of the \x81s.	The \x92 Empire is no longer an ally of the \x81s.
The Alliance of the \x81 and \x92 empires now lies in shreds under our feet.	The Alliance of the \x81 and \x92 empires now lies in shreds under our feet.
As you wish, we no longer shall call the \x92s our ally.	As you wish, we no longer shall call the \x92s our ally.
We ignore the hollow threats of a raving lunatic.	We ignore the hollow threats of a raving lunatic.
You bluff poorly, Emperor \x83. Your threats do not concern us.	You bluff poorly, Emperor \x83. Your threats do not concern us.
Make your childish threats. The young of the \x81 often throw tantrums as well.	Make your childish threats. The young of the \x81 often throw tantrums as well.
You presume to threaten the mighty Emperor \x89! You do not know who you are dealing with!	You presume to threaten the mighty Emperor \x89! You do not know who you are dealing with!
Your threats fall on deaf ears, Emperor \x83.	Your threats fall on deaf ears, Emperor \x83.
You bray like a Rigellian jackass, Emperor \x83, and we take your threats as seriously.	You bray like a Rigellian jackass, Emperor \x83, and we take your threats as seriously.
Do not make such threats idly, Emperor \x83. The wrath of the \x81s is terrible to behold.	Do not make such threats idly, Emperor \x83. The wrath of the \x81s is terrible to behold.
We will stop attacking the border colonies and cease all spying activities.	We will stop attacking the border colonies and cease all spying activities.
Our attacking ships will be recalled immediately.	Our attacking ships will be recalled immediately.
We do not wish to offend the mighty \x80 Empire. Our ships will leave immediately.	We do not wish to offend the mighty \x80 Empire. Our ships will leave immediately.
As you wish, Emperor \x83. Our star fleet and spies will bother you no further. 	As you wish, Emperor \x83. Our star fleet and spies will bother you no further. 
The \x81 Empire respectfully withdraws our ships from your domain.	The \x81 Empire respectfully withdraws our ships from your domain.
We offer \x93 BC to appease the great and powerful \x80s.	We offer \x93 BC to appease the great and powerful \x80s.
We pray that \x93 BC will suffice to regain your good will.	We pray that \x93 BC will suffice to regain your good will.
Here, Emperor \x83. A gift of \x93 BC.	Here, Emperor \x83. A gift of \x93 BC.
The \x81 people offer \x93 BC to the kind \x80s.	The \x81 people offer \x93 BC to the kind \x80s.
Emperor \x89 orders payment of \x93 BC to the \x80s.	Emperor \x89 orders payment of \x93 BC to the \x80s.
We offer \x94 tech to appease the great and powerful \x80s.	We offer \x94 tech to appease the great and powerful \x80s.
The \x81s are happy to share the secrets of \x94 with our friends, the \x80s.	The \x81s are happy to share the secrets of \x94 with our friends, the \x80s.
Emperor \x89 offers you \x94 tech as a sign of our good will and friendship.	Emperor \x89 offers you \x94 tech as a sign of our good will and friendship.
We hope that you will benefit greatly from \x94 technology, and remember well where it came from.	We hope that you will benefit greatly from \x94 technology, and remember well where it came from.
The \x81 people have no choice but to give you the secrets of \x94. Relish in our genius.	The \x81 people have no choice but to give you the secrets of \x94. Relish in our genius.
We will remember this.	We will remember this.
As we expected, the \x80s have proven themselves without honor.	As we expected, the \x80s have proven themselves without honor.
The \x80 Empire will crumble under the weight of its own broken promises.	The \x80 Empire will crumble under the weight of its own broken promises.
So, Emperor \x83, you cannot keep your word. We will not forget this.	So, Emperor \x83, you cannot keep your word. We will not forget this.
An Emperor that does not honor treaties is lower than a Denebian Sewer Crawler.	An Emperor that does not honor treaties is lower than a Denebian Sewer Crawler.
We will inscribe the words of your broken treaties upon your tombstone, Emperor \x83.	We will inscribe the words of your broken treaties upon your tombstone, Emperor \x83.
We tire of diplomatic negotiations. We can continue discussions at a later time.	We tire of diplomatic negotiations. We can continue discussions at a later time.
These talks get us nowhere. We must take our leave.	These talks get us nowhere. We must take our leave.
Emperor \x89 has heard enough. We will talk again later. 	Emperor \x89 has heard enough. We will talk again later. 
Emperor \x83, you try our patience. Perhaps you should speak again later.	Emperor \x83, you try our patience. Perhaps you should speak again later.
A thousand apologies, Emperor \x83, but other duties call.	A thousand apologies, Emperor \x83, but other duties call.
We have little time and much to do. Perhaps we can talk again later.	We have little time and much to do. Perhaps we can talk again later.
The \x80s are creatures of much wind and little action. We tire of your prattle.	The \x80s are creatures of much wind and little action. We tire of your prattle.
We go now.	We go now.
Pardon us, but our time is at an end.	Pardon us, but our time is at an end.
You have no technology which interests us.	You have no technology which interests us.
We have no need of \x80 toys.	We have no need of \x80 toys.
Your primitive inventions do not interest us.	Your primitive inventions do not interest us.
The \x81s are far beyond your technology. 	The \x81s are far beyond your technology. 
Emperor \x83, we have little need for what your scientists offer us.	Emperor \x83, we have little need for what your scientists offer us.
Emperor \x89 sees little of interest in your technology.	Emperor \x89 sees little of interest in your technology.
The \x92s have declared war on our empire. Will you honor our alliance and assault the treacherous \x92s?	The \x92s have declared war on our empire. Will you honor our alliance and assault the treacherous \x92s?
The \x92s have declared war on our empire. Will you honor our alliance and join forces to battle our common enemy?	The \x92s have declared war on our empire. Will you honor our alliance and join forces to battle our common enemy?
You have dishonored the agreement. The alliance is broken.	You have dishonored the agreement. The alliance is broken.
Very well. Your untrustworthy intentions have shown. The alliance is broken.	Very well. Your untrustworthy intentions have shown. The alliance is broken.
We have little need of treaties that are not honored. The alliance is broken.	We have little need of treaties that are not honored. The alliance is broken.
So be it. The alliance is broken.	So be it. The alliance is broken.
Yes, Emperor \x83, the time has come for both our empires to strike out against the \x92s and eliminate them once and for all.	Yes, Emperor \x83, the time has come for both our empires to strike out against the \x92s and eliminate them once and for all.
The \x80s and \x81s must unite to strike down the \x92s.	The \x80s and \x81s must unite to strike down the \x92s.
The \x92 empire must fall before the combined might of the \x80s and \x81s.	The \x92 empire must fall before the combined might of the \x80s and \x81s.
With \x81s and \x80s allied, the \x92s will not last long.	With \x81s and \x80s allied, the \x92s will not last long.
In the year \x8f, the \x81 and \x80 empires join forces to rid the galaxy of the \x92 menace.	In the year \x8f, the \x81 and \x80 empires join forces to rid the galaxy of the \x92 menace.
In view of the threat from the \x92 Empire, the \x80 and \x81 empires have no choice but to unite!	In view of the threat from the \x92 Empire, the \x80 and \x81 empires have no choice but to unite!
We are not amused that you have cast your lot against us.	We are not amused that you have cast your lot against us.
How could you vote for the vain \x86s? If you continue to rouse my ire, you will know my wrath.	How could you vote for the vain \x86s? If you continue to rouse my ire, you will know my wrath.
We have learned to keep our friends close and our enemies even closer. Vote against me again in the Galactic Council and we may be within laser distance...	We have learned to keep our friends close and our enemies even closer. Vote against me again in the Galactic Council and we may be within laser distance...
Your vote cast against the \x81 race has made us a mockery throughout the galaxy. We will not soon forget the humiliation that you have wrought upon us.	Your vote cast against the \x81 race has made us a mockery throughout the galaxy. We will not soon forget the humiliation that you have wrought upon us.
As your Galactic Council vote indicates, those who are not for us are against us. Consider yourself moved up several places on our to kill list.	As your Galactic Council vote indicates, those who are not for us are against us. Consider yourself moved up several places on our to kill list.
Et tu, \x83 Beware, for if I should pluck your dagger from my back, I know how to weild it and will teach you to vote against me again.	Et tu, \x83 Beware, for if I should pluck your dagger from my back, I know how to weild it and will teach you to vote against me again.
You realize, of course, the power I wield, and I will squash you like an insect for your electoral treachery.	You realize, of course, the power I wield, and I will squash you like an insect for your electoral treachery.
There are penalties for voting against the \x81, as you may soon find out.	There are penalties for voting against the \x81, as you may soon find out.
Stabbed in the back, right under my nose! Your voting record reads like a political assassin's handbook.	Stabbed in the back, right under my nose! Your voting record reads like a political assassin's handbook.
If your vile attacks on our good reputation continue, we shall write your deceitful little handbook a most unpleasant ending.	If your vile attacks on our good reputation continue, we shall write your deceitful little handbook a most unpleasant ending.
While deceit becomes you, our patience is wearing thin. Casting votes against the \x81 race is the sort of mistake that should only be made once.	While deceit becomes you, our patience is wearing thin. Casting votes against the \x81 race is the sort of mistake that should only be made once.
Although we did not win the election, we are most pleased that you decided to cast your votes with the \x81.	Although we did not win the election, we are most pleased that you decided to cast your votes with the \x81.
Well, \x83, this could be the beginning of a beautiful friendship. Thanks for your vote in the Galactic Council meeting.	Well, \x83, this could be the beginning of a beautiful friendship. Thanks for your vote in the Galactic Council meeting.
We are pleased with your voting. With your continued enlightened voting, Emperor \x89 shall unite the galaxy.	We are pleased with your voting. With your continued enlightened voting, Emperor \x89 shall unite the galaxy.
We are flattered that you have voted for the \x81 s. You must pay us a formal visit very soon. Perhaps we can return the favor.	We are flattered that you have voted for the \x81 s. You must pay us a formal visit very soon. Perhaps we can return the favor.
You show wisdom in casting your votes with us. Despite our natural misgivings, perhaps we will have a prosperous future.	You show wisdom in casting your votes with us. Despite our natural misgivings, perhaps we will have a prosperous future.
We take your vote for us as clear gesture that you wish to improve your relations with the mighty \x81 Empire.	We take your vote for us as clear gesture that you wish to improve your relations with the mighty \x81 Empire.
Hurrah! And remember, a vote for \x89 is a vote for galactic peace and stability.	Hurrah! And remember, a vote for \x89 is a vote for galactic peace and stability.
Although we greatly appreciate your vote, the cynics among us wonder what strings might be attached to it.	Although we greatly appreciate your vote, the cynics among us wonder what strings might be attached to it.
